title,slug,category_id,image,price,special_price,short_description,description,process,faq,widgets,status
Aarogyam Male,aarogyam-male,1,packages/01JMYB9QKP4F2A7RGJASE8VB7Y.jpg,NULL,NULL,"Tests includes Cardiac Risk Markers, CBC, HbA1c, Iron, Lipid, Liver, Kidney, Thyroid, Vitamin, Pancreas, Electrolytes.","<div style=""box-sizing: border-box; margin: 0px; padding: 0px; font-family: 'Open Sans', sans-serif; background-color: #ffffff;"">
<div class=""detailsprice"" style=""box-sizing: border-box; margin: 0px; padding: 0px; font-weight: 600; font-size: 20px; color: #333333;"">Price:&nbsp;<span class=""priceline"" style=""box-sizing: border-box; text-decoration-line: line-through; color: #707070;"">Rs. 4000</span>&nbsp;<span style=""box-sizing: border-box;"">Rs.</span>&nbsp;<span style=""box-sizing: border-box;"">2199</span></div>
</div>
<div style=""box-sizing: border-box; margin: 0px; padding: 0px; font-family: 'Open Sans', sans-serif; background-color: #ffffff;"">
<p style=""box-sizing: border-box; margin: 10px 0px 15px; padding: 0px; list-style-type: none; font-size: 15px; line-height: 22px;""><strong style=""box-sizing: border-box;"">Advanced Health Checkup</strong>&nbsp;Package&nbsp;<strong style=""box-sizing: border-box;"">Aarogyam Male</strong>&nbsp;profile which Consists of&nbsp;<strong style=""box-sizing: border-box;"">103 Tests</strong>&nbsp;and Consists of fundamental tests for screening of the health status Like Cardiac Risk Markers, Complete Hemogram, Diabetics, Iron, Lipid, Liver, Kidney, Thyroid, Vitamin, Pancreatic, Electrolytes. Aarogyam Male profile price is 2199.</p>
</div>","<ol>
<li>Technician from Thyrocare will be assigned for a sample collection after appointment confirmation.</li>
<li>Sample will be collected by Technician at your address at given slot.</li>
<li>You will get a payment link in 2 hours. You can make the payment online or pay cash to the technician.</li>
<li>Soft copy report will be sent to your email address within 24-48 hours.</li>
</ol>",NULL,NULL,1
Aarogyam Female,aarogyam-female,1,packages/01JMYBFQF7G2287192P570E70Q.jpg,NULL,NULL,"Tests includes Cardiac Risk Markers, CBC, HbA1c, Iron, Lipid, Liver, Kidney, Thyroid, Vitamin, Pancreas, Hormones & more.","<div style=""box-sizing: border-box; margin: 0px; padding: 0px; font-family: 'Open Sans', sans-serif; background-color: #ffffff;"">
<div class=""detailsprice"" style=""box-sizing: border-box; margin: 0px; padding: 0px; font-weight: 600; font-size: 20px; color: #333333;"">Price:&nbsp;<span class=""priceline"" style=""box-sizing: border-box; text-decoration-line: line-through; color: #707070;"">Rs. 4200</span>&nbsp;<span style=""box-sizing: border-box;"">Rs.</span>&nbsp;<span style=""box-sizing: border-box;"">2299</span></div>
</div>
<div style=""box-sizing: border-box; margin: 0px; padding: 0px; font-family: 'Open Sans', sans-serif; background-color: #ffffff;"">
<p style=""box-sizing: border-box; margin: 10px 0px 15px; padding: 0px; list-style-type: none; font-size: 15px; line-height: 22px;""><strong style=""box-sizing: border-box;"">Advanced Health Checkup</strong>&nbsp;Package&nbsp;<strong style=""box-sizing: border-box;"">Aarogyam Female</strong>&nbsp;profile consists of&nbsp;<strong style=""box-sizing: border-box;"">105 important&nbsp;tests</strong>&nbsp;for screening of the health status Like Cardiac Risk Markers, Complete Hemogram, Diabetics, Iron, Lipid, Liver, Kidney, Thyroid, Vitamin, Pancreatic, Electrolytes,&nbsp;<strong style=""box-sizing: border-box;"">Hormones</strong>.&nbsp;</p>
</div>","<ol>
<li>Technician from Thyrocare will be assigned for a sample collection after appointment confirmation.</li>
<li>Sample will be collected by Technician at your address at given slot.</li>
<li>You will get a payment link in 2 hours. You can make the payment online or pay cash to the technician.</li>
<li>Soft copy report will be sent to your email address within 24-48 hours.</li>
</ol>",NULL,NULL,0
Aarogyam Basic,aarogyam-basic,1,packages/01JN6B1G7S1JZDRXD0E1ACM4CB.jpg,NULL,NULL,"Tests for screening of the health status Like Lipid, Liver,Thyroid, Diabetic, CBC, Iron, Kidney, Vitamins.","<table class=""pricing"" style=""border-bottom: 1px solid #999999; font-family: 'Open Sans', sans-serif; background-color: #ffffff;"" width=""100%"" cellspacing=""0"" cellpadding=""0"">
<tbody style=""box-sizing: border-box;"">
<tr style=""box-sizing: border-box;"">
<th style=""box-sizing: border-box; border-width: 1px 1px 0px; border-image: initial; padding: 10px; background-color: rgba(238, 238, 238, 0.47); border-color: #999999 #999999 initial #999999; border-style: solid solid initial solid;""><strong style=""box-sizing: border-box;"">Persons</strong></th>
<th style=""box-sizing: border-box; border-width: 1px 1px 0px; border-image: initial; padding: 10px; background-color: rgba(238, 238, 238, 0.47); border-color: #999999 #999999 initial #999999; border-style: solid solid initial solid;""><strong style=""box-sizing: border-box;"">Price</strong></th>
</tr>
<tr style=""box-sizing: border-box;"">
<td style=""box-sizing: border-box; padding: 10px; border-width: 1px 1px 0px; border-image: initial; border-color: #999999 #999999 initial #999999; border-style: solid solid initial solid;"">1</td>
<td style=""box-sizing: border-box; padding: 10px; border-width: 1px 1px 0px; border-image: initial; border-color: #999999 #999999 initial #999999; border-style: solid solid initial solid;""><span class=""priceline"" style=""box-sizing: border-box; text-decoration-line: line-through; color: #707070; font-weight: bold;"">Rs. 1300</span>&nbsp;<span style=""box-sizing: border-box; color: #0d4b7e; font-weight: bold;"">Rs 999</span></td>
</tr>
<tr style=""box-sizing: border-box;"">
<td style=""box-sizing: border-box; padding: 10px; border-width: 1px 1px 0px; border-image: initial; border-color: #999999 #999999 initial #999999; border-style: solid solid initial solid;"">2 or more</td>
<td style=""box-sizing: border-box; padding: 10px; border-width: 1px 1px 0px; border-image: initial; border-color: #999999 #999999 initial #999999; border-style: solid solid initial solid;""><span class=""priceline"" style=""box-sizing: border-box; text-decoration-line: line-through; color: #707070; font-weight: bold;"">Rs. 1300</span>&nbsp;<span style=""box-sizing: border-box; color: #0d4b7e; font-weight: bold;"">Rs 949&nbsp;<small style=""box-sizing: border-box; color: #202020; font-weight: 500;"">Per Person</small></span></td>
</tr>
</tbody>
</table>
<div style=""box-sizing: border-box; margin: 0px; padding: 0px; font-family: 'Open Sans', sans-serif; background-color: #ffffff;"">
<p style=""box-sizing: border-box; margin: 10px 0px 15px; padding: 0px; list-style-type: none; font-size: 15px; line-height: 22px;"">&nbsp;</p>
<p style=""box-sizing: border-box; margin: 10px 0px 15px; padding: 0px; list-style-type: none; font-size: 15px; line-height: 22px;"">Thyrocare<strong style=""box-sizing: border-box;"">&nbsp;</strong><strong style=""box-sizing: border-box;""><label style=""box-sizing: border-box;"">Aarogyam&nbsp;</label>Basic&nbsp;</strong>is a full body health checkup package that includes&nbsp;<strong style=""box-sizing: border-box;"">66 Tests</strong>&nbsp;and consists of fundamental tests for screening of the health status Like Lipid, Liver, Thyroid, Diabetic, Kidney, Iron, Complete Hemogram, Vitamin D &amp; B12.</p>
</div>","<ol>
<li>Technician from Thyrocare will be assigned for a sample collection after appointment confirmation.</li>
<li>Sample will be collected by Technician at your address at given slot.</li>
<li>You will get a payment link in 2 hours. You can make the payment online or pay cash to the technician.</li>
<li>Soft copy report will be sent to your email address within 24-48 hours.</li>
</ol>",NULL,NULL,1
Advanced Full Body Checkup With Vitamins,advanced-full-body-checkup-with-vitamins,1,packages/01JN6B0YQGQ86TX25S299X31K7.jpg,NULL,NULL,"A popular body checkup spanning important tests including IRON DEFICIENCY, DIABETES, ELECTROLYTES and VITAMINS.","<div style=""box-sizing: border-box; margin: 0px; padding: 0px; font-family: 'Open Sans', sans-serif; background-color: #ffffff;"">
<table class=""pricing"" style=""border-bottom: 1px solid #999999;"" width=""100%"" cellspacing=""0"" cellpadding=""0"">
<tbody style=""box-sizing: border-box;"">
<tr style=""box-sizing: border-box;"">
<th style=""box-sizing: border-box; border-width: 1px 1px 0px; border-image: initial; padding: 10px; background-color: rgba(238, 238, 238, 0.47); border-color: #999999 #999999 initial #999999; border-style: solid solid initial solid;""><strong style=""box-sizing: border-box;"">Persons</strong></th>
<th style=""box-sizing: border-box; border-width: 1px 1px 0px; border-image: initial; padding: 10px; background-color: rgba(238, 238, 238, 0.47); border-color: #999999 #999999 initial #999999; border-style: solid solid initial solid;""><strong style=""box-sizing: border-box;"">Price</strong></th>
</tr>
<tr style=""box-sizing: border-box;"">
<td style=""box-sizing: border-box; padding: 10px; border-width: 1px 1px 0px; border-image: initial; border-color: #999999 #999999 initial #999999; border-style: solid solid initial solid;"">1</td>
<td style=""box-sizing: border-box; padding: 10px; border-width: 1px 1px 0px; border-image: initial; border-color: #999999 #999999 initial #999999; border-style: solid solid initial solid;""><span class=""priceline"" style=""box-sizing: border-box; text-decoration-line: line-through; color: #707070; font-weight: bold;"">Rs. 3000</span>&nbsp;<span style=""box-sizing: border-box; color: #0d4b7e; font-weight: bold;"">Rs 1499</span></td>
</tr>
<tr style=""box-sizing: border-box;"">
<td style=""box-sizing: border-box; padding: 10px; border-width: 1px 1px 0px; border-image: initial; border-color: #999999 #999999 initial #999999; border-style: solid solid initial solid;"">2 or more</td>
<td style=""box-sizing: border-box; padding: 10px; border-width: 1px 1px 0px; border-image: initial; border-color: #999999 #999999 initial #999999; border-style: solid solid initial solid;""><span class=""priceline"" style=""box-sizing: border-box; text-decoration-line: line-through; color: #707070; font-weight: bold;"">Rs. 3000</span>&nbsp;<span style=""box-sizing: border-box; color: #0d4b7e; font-weight: bold;"">Rs 1349&nbsp;<small style=""box-sizing: border-box; color: #202020; font-weight: 500;"">Per Person<br /><br /></small></span></td>
</tr>
</tbody>
</table>
<div style=""box-sizing: border-box; margin: 0px; padding: 0px;"">
<p style=""box-sizing: border-box; margin: 10px 0px 15px; padding: 0px; list-style-type: none; font-size: 15px; line-height: 22px;""><strong style=""box-sizing: border-box;"">Advanced Full Body Checkup with Vitamins</strong>&nbsp;<strong style=""box-sizing: border-box;"">profile</strong>&nbsp;is a full-body preventive health checkup that gives you complete understanding of your bodily functions. The profile comprises 92 tests including Thyroid, Liver, Lipid and Kidney profiles, Iron deficiency, Serum Electrolytes, Complete Urine Analysis and more. Additional profiles like Diabetic Screening and CBC help you monitor sugar levels and potential blood infections. Vitamin D and B12 tests help measure vitamin levels. Book this profile at an affordable rate and get a FREE home sample collection.</p>
</div>
</div>","<ul style=""box-sizing: border-box; margin: 0px; padding: 0px; list-style: none; font-family: 'Open Sans', sans-serif; background-color: #ffffff;"">
<li style=""box-sizing: border-box; margin: 0px; list-style-type: inherit !important; font-size: 15px !important; line-height: normal !important; padding: 0px 0px 6px !important 0px;"">1. Technician from Thyrocare will be assigned for a sample collection after appointment confirmation.</li>
<li style=""box-sizing: border-box; margin: 0px; list-style-type: inherit !important; font-size: 15px !important; line-height: normal !important; padding: 0px 0px 6px !important 0px;"">2. Sample will be collected by Technician at your address at given slot.</li>
<li style=""box-sizing: border-box; margin: 0px; list-style-type: inherit !important; font-size: 15px !important; line-height: normal !important; padding: 0px 0px 6px !important 0px;"">3. You will get a payment link in 2 hours. You can make the payment online or pay cash to the technician.</li>
<li style=""box-sizing: border-box; margin: 0px; list-style-type: inherit !important; font-size: 15px !important; line-height: normal !important; padding: 0px 0px 6px !important 0px;"">4. Soft copy report will be sent to your email address within 24-48 hours.</li>
</ul>",NULL,NULL,1
Healthy 2025 Package,healthy-2025-package,1,packages/01JN6B5NZNQ954HVE3F73WJFR1.jpg,NULL,NULL,"Tests for screening of the health status like Lipid, Liver,Thyroid, Diabetic, CBC, Kidney, Vitamin.","<table class=""pricing"" style=""border-bottom: 1px solid #999999; font-family: 'Open Sans', sans-serif; background-color: #ffffff;"" width=""100%"" cellspacing=""0"" cellpadding=""0"">
<tbody style=""box-sizing: border-box;"">
<tr style=""box-sizing: border-box;"">
<th style=""box-sizing: border-box; border-width: 1px 1px 0px; border-image: initial; padding: 10px; background-color: rgba(238, 238, 238, 0.47); border-color: #999999 #999999 initial #999999; border-style: solid solid initial solid;""><strong style=""box-sizing: border-box;"">Persons</strong></th>
<th style=""box-sizing: border-box; border-width: 1px 1px 0px; border-image: initial; padding: 10px; background-color: rgba(238, 238, 238, 0.47); border-color: #999999 #999999 initial #999999; border-style: solid solid initial solid;""><strong style=""box-sizing: border-box;"">Price</strong></th>
</tr>
<tr style=""box-sizing: border-box;"">
<td style=""box-sizing: border-box; padding: 10px; border-width: 1px 1px 0px; border-image: initial; border-color: #999999 #999999 initial #999999; border-style: solid solid initial solid;"">1</td>
<td style=""box-sizing: border-box; padding: 10px; border-width: 1px 1px 0px; border-image: initial; border-color: #999999 #999999 initial #999999; border-style: solid solid initial solid;""><span class=""priceline"" style=""box-sizing: border-box; text-decoration-line: line-through; color: #707070; font-weight: bold;"">Rs. 4500</span>&nbsp;<span style=""box-sizing: border-box; color: #0d4b7e; font-weight: bold;"">Rs 1999</span></td>
</tr>
<tr style=""box-sizing: border-box;"">
<td style=""box-sizing: border-box; padding: 10px; border-width: 1px 1px 0px; border-image: initial; border-color: #999999 #999999 initial #999999; border-style: solid solid initial solid;"">2 or more</td>
<td style=""box-sizing: border-box; padding: 10px; border-width: 1px 1px 0px; border-image: initial; border-color: #999999 #999999 initial #999999; border-style: solid solid initial solid;""><span class=""priceline"" style=""box-sizing: border-box; text-decoration-line: line-through; color: #707070; font-weight: bold;"">Rs. 4500</span>&nbsp;<span style=""box-sizing: border-box; color: #0d4b7e; font-weight: bold;"">Rs 1749&nbsp;<small style=""box-sizing: border-box; color: #202020; font-weight: 500;"">Per Person</small></span></td>
</tr>
</tbody>
</table>
<div style=""box-sizing: border-box; margin: 0px; padding: 0px; font-family: 'Open Sans', sans-serif; background-color: #ffffff;"">
<p style=""box-sizing: border-box; margin: 10px 0px 15px; padding: 0px; list-style-type: none; font-size: 15px; line-height: 22px;"">&nbsp;</p>
<p style=""box-sizing: border-box; margin: 10px 0px 15px; padding: 0px; list-style-type: none; font-size: 15px; line-height: 22px;""><strong style=""box-sizing: border-box;"">Healthy 2025 Package</strong>&nbsp;is a preventive care routine health checkup package that includes 114 parameters with essential blood and urine tests for routine health monitoring -&nbsp;<strong style=""box-sizing: border-box;"">liver, lipid, kidney, thyroid, CBC and more</strong>. The package is&nbsp;<strong style=""box-sizing: border-box;"">highly recommended for regular health monitoring</strong>, even when there are no health issues. One can detect any potential health problems at an early stage and seek right medical treatment at the right time.</p>
</div>","<ol>
<li>Technician from Thyrocare will be assigned for a sample collection after appointment confirmation.</li>
<li>Sample will be collected by Technician at your address at given slot.</li>
<li>You will get a payment link in 2 hours. You can make the payment online or pay cash to the technician.</li>
<li>Soft copy report will be sent to your email address within 24-48 hours.</li>
</ol>",NULL,NULL,1
Aarogyam Tax Saver Advanced,aarogyam-tax-saver-advanced,1,packages/01JN6G36WBBRZ907JXDBNXVVGH.jpg,NULL,NULL,"Arthritis, Cardiac Risk Markers, Hormone, Complete Hemogram, Diabetics Iron, Kidney, Thyroid and more.","<div style=""box-sizing: border-box; margin: 0px; padding: 0px; font-family: 'Open Sans', sans-serif; background-color: #ffffff;"">
<div class=""detailsprice"" style=""box-sizing: border-box; margin: 0px; padding: 0px; font-weight: 600; font-size: 20px; color: #333333;"">Price:&nbsp;<span class=""priceline"" style=""box-sizing: border-box; text-decoration-line: line-through; color: #707070;"">Rs. 4999</span>&nbsp;<span style=""box-sizing: border-box;"">Rs.</span>&nbsp;<span style=""box-sizing: border-box;"">3949</span></div>
</div>
<div style=""box-sizing: border-box; margin: 0px; padding: 0px; font-family: 'Open Sans', sans-serif; background-color: #ffffff;"">
<p style=""box-sizing: border-box; margin: 10px 0px 15px; padding: 0px; list-style-type: none; font-size: 15px; line-height: 22px;"">Master Health Checkup Package&nbsp;<strong style=""box-sizing: border-box;"">Aarogyam Tax&nbsp;Saver&nbsp;Advanced</strong>&nbsp;profile which Consists of&nbsp;<strong style=""box-sizing: border-box;"">136 Tests</strong>&nbsp;and Consists of fundamental tests for screening of the health status Like Arthritis, Cardiac Risk Markers, Complete Hemogram,Diabetics, Iron, Lipid, Liver, Kidney, Thyroid, Vitamin, Pancreatic, Electrolytes, Hormone, Toxic Elements.</p>
</div>","<ol>
<li class=""bookinprcdr"" style=""box-sizing: border-box; font-family: 'Open Sans', sans-serif; background-color: #ffffff;"">
<ol style=""box-sizing: border-box; margin: 0px; padding: 0px; list-style-position: initial; list-style-image: initial;"">
<li style=""box-sizing: border-box; margin: 0px; list-style-type: inherit !important; font-size: 15px !important; line-height: normal !important; padding: 0px 0px 6px !important 0px;"">Technician from Thyrocare will be assigned for a sample collection after appointment confirmation.</li>
<li style=""box-sizing: border-box; margin: 0px; list-style-type: inherit !important; font-size: 15px !important; line-height: normal !important; padding: 0px 0px 6px !important 0px;"">Sample will be collected by Technician at your address at given slot.</li>
<li style=""box-sizing: border-box; margin: 0px; list-style-type: inherit !important; font-size: 15px !important; line-height: normal !important; padding: 0px 0px 6px !important 0px;"">You will get a payment link in 2 hours. You can make the payment online or pay cash to the technician.</li>
<li style=""box-sizing: border-box; margin: 0px; list-style-type: inherit !important; font-size: 15px !important; line-height: normal !important; padding: 0px 0px 6px !important 0px;"">Soft copy report will be sent to your email address within 24-48 hours.</li>
</ol>
</li>
</ol>",NULL,NULL,1
25-OH Vitamin D (TOTAL) Test,25-oh-vitamin-d-total-test,2,packages/01JNAMJ7TF7PF6RVZTJCPZS4JM.webp,NULL,NULL,"A popular body checkup spanning important tests including IRON DEFICIENCY, DIABETES, ELECTROLYTES and VITAMINS.","<div class=""bkngprcdr"" style=""box-sizing: border-box; margin: 10px 0px 12px; padding: 10px; color: #1774a6; font-weight: 600; background: #f5f6f7; font-family: 'Open Sans', sans-serif;"">Pricing</div>
<p>&nbsp;</p>
<div style=""box-sizing: border-box; margin: 0px; padding: 0px; font-family: 'Open Sans', sans-serif; background-color: #ffffff;"">
<table class=""pricing"" style=""border-bottom: 1px solid #999999;"" width=""100%"" cellspacing=""0"" cellpadding=""0"">
<tbody style=""box-sizing: border-box;"">
<tr style=""box-sizing: border-box;"">
<th style=""box-sizing: border-box; border-width: 1px 1px 0px; border-image: initial; padding: 10px; background-color: rgba(238, 238, 238, 0.47); border-color: #999999 #999999 initial #999999; border-style: solid solid initial solid;""><strong style=""box-sizing: border-box;"">Persons</strong></th>
<th style=""box-sizing: border-box; border-width: 1px 1px 0px; border-image: initial; padding: 10px; background-color: rgba(238, 238, 238, 0.47); border-color: #999999 #999999 initial #999999; border-style: solid solid initial solid;""><strong style=""box-sizing: border-box;"">Price</strong></th>
</tr>
<tr style=""box-sizing: border-box;"">
<td style=""box-sizing: border-box; padding: 10px; border-width: 1px 1px 0px; border-image: initial; border-color: #999999 #999999 initial #999999; border-style: solid solid initial solid;"">1</td>
<td style=""box-sizing: border-box; padding: 10px; border-width: 1px 1px 0px; border-image: initial; border-color: #999999 #999999 initial #999999; border-style: solid solid initial solid;""><span class=""priceline"" style=""box-sizing: border-box; text-decoration-line: line-through; color: #707070; font-weight: bold;"">Rs. 3000</span>&nbsp;<span style=""box-sizing: border-box; color: #0d4b7e; font-weight: bold;"">Rs 1499</span></td>
</tr>
<tr style=""box-sizing: border-box;"">
<td style=""box-sizing: border-box; padding: 10px; border-width: 1px 1px 0px; border-image: initial; border-color: #999999 #999999 initial #999999; border-style: solid solid initial solid;"">2 or more</td>
<td style=""box-sizing: border-box; padding: 10px; border-width: 1px 1px 0px; border-image: initial; border-color: #999999 #999999 initial #999999; border-style: solid solid initial solid;""><span class=""priceline"" style=""box-sizing: border-box; text-decoration-line: line-through; color: #707070; font-weight: bold;"">Rs. 3000</span>&nbsp;<span style=""box-sizing: border-box; color: #0d4b7e; font-weight: bold;"">Rs 1349&nbsp;<small style=""box-sizing: border-box; color: #202020; font-weight: 500;"">Per Person</small></span></td>
</tr>
</tbody>
</table>
</div>","<ol style=""box-sizing: border-box; margin: 0px; padding: 0px; list-style-position: initial; list-style-image: initial; font-family: 'Open Sans', sans-serif; background-color: #ffffff;"">
<li style=""box-sizing: border-box; margin: 0px; list-style-type: inherit !important; font-size: 15px !important; line-height: normal !important; text-align: justify; padding: 0px 0px 6px !important 0px;"">Technician from Thyrocare will be assigned for a sample collection after appointment confirmation.</li>
<li style=""box-sizing: border-box; margin: 0px; list-style-type: inherit !important; font-size: 15px !important; line-height: normal !important; text-align: justify; padding: 0px 0px 6px !important 0px;"">&nbsp;Sample will be collected by Technician at your address at given slot.</li>
<li style=""box-sizing: border-box; margin: 0px; list-style-type: inherit !important; font-size: 15px !important; line-height: normal !important; text-align: justify; padding: 0px 0px 6px !important 0px;"">&nbsp;You will get a payment link in 2 hours. You can make the payment online or pay cash to the technician.</li>
<li style=""box-sizing: border-box; margin: 0px; list-style-type: inherit !important; font-size: 15px !important; line-height: normal !important; text-align: justify; padding: 0px 0px 6px !important 0px;"">&nbsp;Soft copy report will be sent to your email address within 24-48 hours.</li>
</ol>",NULL,NULL,1
